"File","Words","Status"
"efficient-file-naming-for-batches.html","94","SHORT"
"faster-workflows-with-presets.html","95","SHORT"
"print-ready-pdfs-from-browser.html","100","SHORT"
"handle-transparent-backgrounds-correctly.html","105","SHORT"
"scan-to-pdf-cleanup-guide.html","109","SHORT"
"smart-pdf-splitting-techniques.html","115","SHORT"
"local-processing-vs-cloud.html","126","SHORT"
"memory-friendly-image-processing.html","128","SHORT"
"optimize-images-for-seo-2025.html","172","SHORT"
"pdf-to-image-pro-tips.html","185","SHORT"
"brand-consistent-qr-codes.html","189","SHORT"
"choosing-right-dpi-for-exports.html","225","SHORT"
"how-to-avoid-over-compression.html","228","SHORT"
"ai-upscaling-when-to-use.html","229","SHORT"
"qr-codes-that-convert.html","308","SHORT"
"privacy-first-client-side-processing.html","310","SHORT"
"batch-processing-power-hacks.html","312","SHORT"
"pdf-merge-workflows-for-creators.html","441","SHORT"
"resize-images-without-losing-quality.html","469","SHORT"
"image-conversion-best-practices.html","486","SHORT"
"webp-vs-avif-2025.html","546","SHORT"
"ultimate-image-compression-guide-2025.html","1078","SHORT"
"social-media-image-sizes-2025.html","2098","OK"
